<?xml version="1.0" encoding="UTF-8"?>
<project-private xmlns="http://www.netbeans.org/ns/project-private/1">
    <editor-bookmarks xmlns="http://www.netbeans.org/ns/editor-bookmarks/2" lastBookmarkId="0"/>
    <open-files xmlns="http://www.netbeans.org/ns/projectui-open-files/2">
        <group>
            <file>file:/C:/Users/Tiaan/Desktop/School%20-%20Prog/ProgPoePart1/src/progpoepart1/Worker.java</file>
            <file>file:/C:/Users/Tiaan/Desktop/School%20-%20Prog/ProgPoePart1/test/progpoepart1/LoginTest.java</file>
            <file>file:/C:/Users/Tiaan/Desktop/School%20-%20Prog/ProgPoePart1/src/progpoepart1/Task.java</file>
            <file>file:/C:/Users/Tiaan/Desktop/School%20-%20Prog/ProgPoePart1/src/progpoepart1/ProgPoePart1.java</file>
            <file>file:/C:/Users/Tiaan/Desktop/School%20-%20Prog/ProgPoePart1/src/progpoepart1/Login.java</file>
            <file>file:/C:/Users/Tiaan/Desktop/School%20-%20Prog/ProgPoePart1/test/progpoepart1/TaskTest.java</file>
        </group>
    </open-files>
</project-private>
